가게명_한글,Title,Description,Title Sentiment,Description Sentiment,Sentiment Score
설빙 신촌점,카페 <b>설빙 신촌점</b> : 신메뉴 abc 초코쿠키 녹차 설빙 칼로리... ,제 최애 과자 중 하나가 abc 초코쿠키인데 설빙이랑 콜라보를 진행하더라고요!!! 이건 못 참지 하면서 바로 달려갔습니다ㅋㅋㅋㅋㅋㅋ <b>설빙 신촌점</b> 서울 서대문구 연세로 23 2층 ⏰️ 11:30 ~ 23:30  070-7716-8970... ,POSITIVE,POSITIVE,1.2
스탠스커피,240805 <b>스탠스커피</b> 상수동 합정 카페,커피 맛집이라고 유명한 상수역 카페 <b>스탠스커피</b>. 복잡하고 번화한 곳을 살짝 벗어나 있지만 지하철역 근처라고 접근성도 놓치지 않은 곳이라 근처에 왔을 때 힐링하러 오기 좋은 카페였다. 일단 커피가... ,POSITIVE,POSITIVE,1.0
콜린,<b>콜린</b> 이노시톨 영양제 복용해 보니 이런 변화가,찾아보다 <b>콜린</b> 이노시톨 영양제를 복용해 보라는 글을 본 뒤 다양한 영양제를 살펴보다 찾게 된... 보다 <b>콜린</b> 이노시톨 영양제에 대해 보게 된 거죠 식습관을 건강하게 바꿔 주는 걸 시작으로 영양제를 통해 좋은... ,POSITIVE,POSITIVE,0.6
청년다방 서울홍대점,토핑 해외지점도 연 즉석떡볶이 프랜차이즈 - <b>청년다방</b> <b>홍대점</b>,촌스러운 척 시선을 끄는 컨셉 확실한 청년다방. 안정적인 체인 운영으로 전국 440개가 넘는 지점이 있고 베트남에도 가게를 열었다고 한다. <b>청년다방 서울홍대점</b> 영업시간 화~일 11:00~21:30 월요일 정기휴무... ,POSITIVE,POSITIVE,0.4
튜토리얼,(VR) 던전스 오브 이터니티 <b>튜토리얼</b> 정도만 해보고 왔습니다.,"하고 있었는데, <b>튜토리얼</b> + 던전 플레이 한번 하니까 퀘스트 배터리가 다 나가버려서 ㅋㅋㅋ 충전되는 사이 좀 어땠는지 좀 적어보겠습니다. 캐릭터 생성 및 <b>튜토리얼</b> ▼ 캐릭터 생성 영상에서는 3명이 각각... ",POSITIVE,POSITIVE,0.4
동대문엽기떡볶이 광흥창점,홍대합정상수 야식 배달맛집 <b>동대문엽기떡볶이 광흥창점</b>,어떤 곳은 셀프로 나오는데 여기는 만들어져서 나와서 좋았어용 홍대합정상수 야식 배달맛집 <b>동대문엽기떡볶이 광흥창점</b>의 반반 떡볶이 오리지날!!치즈를 추가해서 더 푸짐푸짐ㅋㅋㅋ 만두가 떡볶이에... ,POSITIVE,POSITIVE,0.2
케이크팝,아이스크림 팝시클 <b>케이크팝</b> 만들기,있는 케이크에요. 저는 실리콘 몰드 8구짜리를 사용했고요. 세로 7 가로 약 4센티 정도 되는 틀이에요. 팝시클 <b>케이크팝</b> 만들기 (g) 8개 분량 무염버터 50 설탕 40 달걀 1개 박력분 45 코코아파우더 8 베이킹파우더 1... ,POSITIVE,POSITIVE,0.2
천원 와플,벽돌포차 | 헌팅걸 홍대 핫플 술집 | 핫한 홍대 <b>천원</b> 추억의 <b>와플</b> |,원래 홍대 <b>천원 와플</b>로 유명했는데 500원 인상돼서 1500원 와플이 되었지만 그래도 싼 가격 홍익대학교 정문 맞은편 홍익문화공원 바로 옆에 있어 쉽게 찾을 수 있다 확실하진 않지만 홍대 학생들끼리 알고... ,POSITIVE,POSITIVE,0.2
자유인들,<b>자유인</b>을 위한 과목(Liberals Arts),"자유인을 위한 과목(Liberals Arts) <b>자유인들</b>을 위한 학예. 고대 그리스에서는 시민으로서의 권한과 의무를 행사하는 자유인이 되기 위해 배워야 하는 교양을 가리키는 말이었으며, 볼로냐 대학교, 옥스퍼드... ",POSITIVE,POSITIVE,0.0
유키모찌 연남점,<b>유키모찌 연남점</b> 두바이초콜릿모찌 실망한 솔직후기,안녕하세요 저희는 유키모찌를 정말 좋아하는데 이번에 두바이초콜릿모찌가 한정으로 나왔다고 해서... 1.위치 주소: 서울 마포구 동교로 240 1층 <b>유키모찌 연남점</b>은 홍대입구역과 연남동으로 넘어가는 길목에... ,POSITIVE,POSITIVE,0.0
유니마카롱 홍대점,아기자기한 홍대 카페 '카페얌',카페얌 <b>홍대점</b>이라고 해서 프렌차이즈인가 하고 찾아봤어요. 한 3개정도 더 나오더라구용 안산 수원... 귀여운 <b>마카롱</b>들!!! 아래에 혼자 있던 몬스터 케이크가 쓸쓸해보이네여... 케이크 구경까지 하고 착석!!... ,POSITIVE,POSITIVE,0.0
퍼셉션 (Perception),인테리어가 멋진 합정역 카페 <b>퍼셉션</b> <b>perception</b>,"카페 <b>퍼셉션(perception)</b>. perception은 자각, 지각 ; 통찰력의 의미를 가진 단어이다. 퍼셉션에 머무르며 사소한 무언가라도 자각할 수 있는 시간이 되길 바라며... 카페 외관 로고 서체도 카페의 분위기와 어울리고... ",POSITIVE,POSITIVE,0.0
리밀앤밀리,홍대 디저트 카페 <b>리밀앤밀리</b> 휘낭시에 구움과자에 진심인 카페,"<b>리밀앤밀리</b>:) 빵순이 지인이 여기가 휘낭시에에 진심인 홍대 디저트 카페라고 추천하여 기대감을 안고... 로스터리 리밀커피, 파티세리 밀리 두 브랜드가 공동 운영하는 곳이라 커피 뿐만 아니라 디저트가 모두... ",POSITIVE,POSITIVE,0.0
스마일찹쌀꽈배기 창전점,전국 카페-21,"카페,디저트 <b>스마일</b>명품<b>찹쌀꽈배기</b> 영등포시장역점 서울특별시 영등포구 양산로 206 1층 카페,디저트 베이커리카페 밀로 서울특별시 강서구 방화대로6라길 21 카페,디저트 델리뉴스 서울특별시 구로구... ",POSITIVE,NEGATIVE,0.0
블랙번즈,신촌브런치 조용한 분위기 카페 / <b>블랙번즈</b>,"오늘 들려드릴 85번째 이야기는, 신촌에 조용하고 분위기 좋은 브런치카페 <b>블랙번즈</b>에 다녀왔어요!... 신촌카페 블랙펀즈의 인테리어는 모던센추리와 레트로 감성 가득한 독특한 느낌이에요! 넓은 공간으로... ",POSITIVE,POSITIVE,0.0
인센트커피,상수 카페 <b>인센트커피</b>,고즈넉한 거리를 걷다보면 나오는 <b>인센트 커피</b>- 아담한 사이즈의 카페로 역과 가까워서 접근성이 정말... 느껴짐) 인센트 푸딩은... 진짜 잘 만들더라구여... 안그래도 커피를 좀 더 심도깊게 밀고 나가고 싶다고... ,POSITIVE,NEGATIVE,-0.2
카페공명 연남점,홍대<b>카페 공명 연남점</b> 폭염경보 피해 힐링하고 왔어요,"글 · 사진 · 영상 © 진냥 크림에 진심이 카페 공명. 최근에는 홍대점을 자주 갔었는데 오랜만에 연남점... 진짜 카페 안에 사람들로 가득 차 있다  이 여름, 디저트 맛있는 카페 찾으신다면 <b>카페 공명 연남점</b> 한 번... ",POSITIVE,POSITIVE,-0.2
아우어베이커리 신촌숲길점,신촌 서강대역 카페 추천... <b>아우어베이커리 신촌숲길점</b>,"모임 장소는 신촌역, 서강대역 근처에 있는 <b>아우어베이커리 신촌숲길점</b>! <b>아우어베이커리 신촌숲길점</b> 카페 외관 모습이다. 붉은 벽돌이 아주 매력적임! 전에 아우어베이커리 삼송점에도 가본 적이 있는데... ",POSITIVE,POSITIVE,-0.2
테라김밥,"서대문·마포구 음식 탐방 4, 김밥집 '<b>테라김밥</b>'",<b>테라김밥</b>인가 궁금했는데 설명이 살짝 아쉬운? 식당 내부에 이런저런 설명이 써져있는 거 같은데 이해가 직관적으로 되지는 않는 거 같아서 아쉽다ㅠ 계란지단이 카스테라같이 부드러운데 그런 지단을 김밥에... ,POSITIVE,POSITIVE,-0.2
펠앤콜 홍대본점,<b>펠앤콜</b> FELL+COLE <b>홍대</b> 상수 카페 아이스크림 맛집,천연 수제 아이스크림 전문점 펠앤콜 FELL+COLE 홍대본점 서울 먹방 투어를 다녀와서 하나씩 포스팅... 추억을 한 겹 더 쌓고 온 홍대 거리의 풍경이 여전히 마음속에 아름답게 남아 있어요. #<b>펠앤콜홍대본점</b>... ,POSITIVE,POSITIVE,-0.2
뚜레쥬르 여의서로점,*여의도 샌드위치 배달 추천* <b>뚜레쥬르 여의서로점</b>에서!,"나들이 갈때 뚜레쥬르에서 샌드위치나 간식 배달을 이용해보시는거 추천드립니다! 여의도샌드위치, 과일, 간식배달은 <b>뚜레쥬르 여의서로점</b>에 문의주세요! #여의도샌드위치배달 #여의도과일배달... ",POSITIVE,POSITIVE,-0.2
뚜레쥬르 마포홍대점,"홍대입구역 빵집 <b>뚜레쥬르</b> 신메뉴 오리지널 까눌레, 어니언... ",길가에 파리바게트는 많은데 은근 뚜레쥬르는 잘 안 보이는 것 같더라구요~ 하지만 이번에는 오랜만에 <b>뚜레쥬르 마포홍대점</b>에 방문해보았는데요! 이른 아침 시간에 가서 빵들이 없는 게 많았는데 가장 눈에... ,POSITIVE,POSITIVE,-0.2
쉬즈베이글 홍대점,<b>쉬즈베이글 홍대점</b> 든든한 토스트집!!,에 맞춰서 맛있는 <b>베이글</b>집 포스팅해보려고 합니다 바로바로 <b>쉬즈베이글</b>!! 얼른 포스팅 해보겠습니당!! 멀리서 찍어본 <b>쉬즈베이글</b> 하하주니 여기야~ 여기~ 하면서 화이트톤의 <b>쉬즈베이글</b> 집이 눈에 뛰어용!!ㅎㅎ... ,POSITIVE,NEGATIVE,-0.2
피오니 홍대점,합정 디저트 맛집 딸기케이크가 유명한 카페 <b>피오니 홍대점</b>,<b>피오니 홍대점</b> 연중무휴 ⏰️ 12:00 ~ 22:00 ☎️ 02-333-5325 안녕하세요! 오늘은 딸기케이크가 맛있었던 합정 디저트 카페 피오니를 소개해보려고합니다 매장 내부 입구에서부터 케이크들이 반겨주는 쇼케이스에... ,POSITIVE,POSITIVE,-0.2
스타벅스 상수역점,타점 대비 월등히 쾌적한 <b>스타벅스 상수역점</b>,<b>상수</b>역은 교통이 썩 편한 곳이 아니다. 이러다 땅 꺼지는 거 아닌가 싶게 전철이 많이 뚫린 서울러가 할... 뿐이라 <b>상수</b>역에서 전철 버스를 타고 어딜 가느니 걸어서 합정역을 가는게 낫기 때문이다. 스벅... ,POSITIVE,POSITIVE,-0.2
17도씨,"연남파크데이트~디이롱 딤섬,<b>17도씨</b> 초코렛소프트아이스크림... ",17씨 초코아이스크림 사진보고 초코렛 좋아하는 딸내미니 먹어봐야죠~ㅎ <b>17도씨</b> 요기는 특이하게 매장이용도 대기하고 입장알림톡 받고 들어갈 수 있네요~ 들어가 보니 초코렛전문점이네요~ 다음엔... ,POSITIVE,POSITIVE,-0.2
씨네마포,서울 합정 <b>씨네마포</b> - 작은 영화관이 있는 영화 카페,"공간의 이름은 마포구에서 만날 수 있는 작은 영화관이라는 의미에서 '<b>씨네 마포</b>'이기도 하고, 영화 디자인과 배급을 하는 회사 '4EST(포레스트)'가 운영하는 공간이라서 '씨네마4'라는 의미도 있다고 하네요.... ",POSITIVE,POSITIVE,-0.2
뉴욕베이글애비뉴,홍대베이글 <b>뉴욕베이글애비뉴</b> 뉴욕 정통 베이글 신상맛집 추천!,자유의 여신상도 있더라구요 ㅋㅋㅋㅋ 내부 인테리어도 정말 예뻤던 홍대베이글 <b>뉴욕베이글애비뉴</b> 보다시피 테이블 좌석도 정말 많았어요 인테리어가 정말 뉴욕같았구요 홍대 한복판에 담긴 뉴욕 ! 카페안에도... ,POSITIVE,POSITIVE,-0.4
투썸플레이스 광흥창역점,[블챌] 쾌적한 <b>투썸플레이스 광흥창역점</b>,광흥창역 1번 출구에서 나오자마자 보이던 투썸플레이스. 일층엔 좌석이 없어서 주문을 하고 계단으로... 다 잘될꺼야 #블로그챌린지 #블챌 #체크인챌린지 #투썸플레이스 #<b>투썸플레이스광흥창역점</b>,POSITIVE,POSITIVE,-0.4
카페공명 홍대점,상수역 카페 &lt;<b>카페공명 홍대점</b>&gt; 내돈내산 리뷰,"상수역 카페 &lt;<b>카페공명 홍대점</b>&gt; 메뉴판. 시그니처인 공명라떼를 먹을까 했는데, 그냥 플랫화이트를 골랐다. 친구는 아이스 아메리카노를 골랐고, 같이 먹을 디저트로 비스킷슈 하나를 시켰다. 홍대 카페의... ",POSITIVE,POSITIVE,-0.4
수상한베이글,<b>수상한베이글</b> 홍대맛집 상수카페,#수상한청양마요씨 ㅋㅋㅋㅋㅋ 청양고추 쪽파 그리고 베이컨이 들어간 거예요! 매콤하고 쌉싸름한 맛의 베이글입니다!! 케익처럼 올라간 마스카폰들이 있구요! 마치 할로윈용 데코같은 찰리와<b>수상한베이글</b>!... ,NEGATIVE,POSITIVE,-0.4
파미고츄레리아,서면 <b>파미고츄레리아</b> 초코퐁듀에 찍어먹는 전포 츄러스 맛집,안녕하세요  오늘은 초코퐁듀에 찍어먹는 전포 츄러스 맛집 서면 <b>파미고츄레리아</b> 방문 후기 알고 보니 서울 연남동에서 이미 꽤 유명한 츄러스 맛집이었던 <b>파미고츄레리아</b> 전포에는 생긴지 얼마 안 된 신상... ,POSITIVE,POSITIVE,-0.4
녹기전에,대흥 아이스크림 <b>녹기 전에</b>  도서 좋은 기분과 수제아이스크림,대흥 아이스크림 <b>녹기 전에</b> 도서 좋은 기분과 수제아이스크림 오늘은 얼마전 친구와 방문한 대흥 아이스크림 <b>녹기 전에</b>에 대해 가볍게 포스팅 하도록 하겠다. 친구가 추천해주고 함게 방문했지 :) 그럼... ,POSITIVE,NEGATIVE,-0.4
펠리칸카페,상수역 넓은 카페 <b>펠리칸 카페</b> (feat. 소금빵 맛집),가능하고 펠리칸이라는 브랜드 플래그쉽 스토어를 함께 운영하고 있어요 카페 내부가 정말 힙하게 꾸며져 있더라구용 도장이나 스티커 등 굿즈들도 많아서 이것저것 가지고 놀기 좋은! <b>펠리칸 카페</b>의 1층... ,POSITIVE,POSITIVE,-0.4
이네크,홍대디저트카페 <b>이네크</b>에서 커스터드푸딩 먹고왔습니다!,상수디저트카페 &lt;<b>이네크</b>&gt; 다녀왔어요. 위치는 상수역 2번추구에서 무척 가깝고요! 홍익대학교 서울캠퍼스에서도 바로 나오는 입구가 있어서 학교 안에서 금방 도착했어요. 1층인듯 1층아닌 1층같은 <b>이네크</b>... ,POSITIVE,NEGATIVE,-0.4
커피탐이나,합정 디저트카페 쫀득한 구름슈페너 <b>커피탐이나</b>♥,"합정 디저트카페 <b>커피탐이나</b> 스페셜메뉴 3종 후기 안녕하세요 토리입니다 :) 지난 서울 데이트 코스로... 잠시, 커피 한 잔 맛보는 순간 여기는 먼 타지에서도 많이들 찾아오겠단 생각이 들더라고요. 맛으로... ",POSITIVE,NEGATIVE,-0.4
금옥당 서교점,"홍대 팥빙수, 양갱 전문점 <b>금옥당 서교점</b>!!",이번주에는 친구의 추천으로 가게된 <b>금옥당 서교점</b>!! 상수역 1번 출구에서도 가깝고 알고 보니 압구정 현대백화점에도 입점되어 있고 요즘 많이 생기고 있는것 같다. 양갱상점 금옥당!! 가게 외관부터가 나... ,POSITIVE,POSITIVE,-0.6
포포브레드,"[<b>포포브레드</b>] 건강한 비건베이커리, 촵촵식빵의 달인을 찾아",위치한 <b>포포브레드</b> 12시 오픈으로 빵집치고는 좀 늦게여는 편인거 같긴한데 토요일에 슬슬가기 좋은... ㅋㅋㅋㅋ 진짜 동네 사이에 위치한 동네빵집 스멜 비건베이커리 <b>포포브레드</b> 노란문이 느므 이쁨... ,POSITIVE,NEGATIVE,-0.6
젤라토니,합정역 수제 젤라또 맛집 <b>젤라토니</b>,저도 최근 들어 먹은 디저트들 중에 이 날 먹은 <b>젤라토니</b> 젤라또들이 넘 넘 맛있어서 한동아 오래 오래 기억될 거 같은 디저트랍니다. 아마 젤라토리 젤라또 먹으러 일부러 합정 근처로 약속 또 잡아야할 거... ,NEGATIVE,POSITIVE,-0.6
온달만두분식,서울 꽈배기 맛집 대흥역 <b>온달만두분식</b>,"을밀대에서 평양냉면을 먹고 대흥역으로 가는 길에 발견한 <b>온달만두분식</b> 외관이 상당히 오래되어... 빵, 만두 등의 간식을 판매하고 계셨는데요 동네분들은 다들 사라다빵을 하나씩 구매하시는 것 같더라고요... ",POSITIVE,POSITIVE,-0.6
앤트러사이트 합정점,[합정] 서울 조용한 카페 ‘<b>앤트러사이트 합정점</b>’,"있어요 <b>앤트러사이트 합정점</b>은 폐공장을 개조해 인테리어를 했고, 주변에 아파트들이 둘러싸고 있어 특이한 분위기가 형성되어 있어요 매장 내부를 자세히 살펴볼게요 앤트러사이트는 커피에 진심인 카페라... ",POSITIVE,NEGATIVE,-0.6
타이프 한강점,서울 한강뷰 카페 <b>타이프 한강점</b> TYPE,ㅎㅎ 앞쪽에서 판매하고 있는 타이프 굿즈들과 원두 등 구경하면서 웨이팅을 했습니다 <b>타이프 한강점</b> 웨이팅은 그냥 온 순서대로 앞에 서서 대기를 해요 앞의 공간이 여유롭지 않기 때문에 웨이팅 손님들이... ,POSITIVE,POSITIVE,-0.6
블랙베어도넛 망원점,"<b>블랙베어도넛 망원점</b>, 망원역에 있는 프리미엄 수제도넛 디저트... ","오늘은 도넛을 싫어하는 사람도 좋아지게 만들어버리는 '<b>블랙베어도넛 망원점</b>' 소개해드릴까 합니다!... 도넛을 싫어하던 제가 이 곳을 방문하게 된 가장 큰 이유는 블랙베어도넛은 당일 생산, 당일 판매만을... ",POSITIVE,POSITIVE,-0.6
합정역탕후루,24시 <b>합정역탕후루</b> 드디어 먹어 본 제주 통귤탕후루!,"24시 <b>합정역탕후루</b> 제주 통귤탕후루! 메인이 통귤인데, 24시간 운영이 되어서 언제나 먹을 수 있는 곳이라 새로웠어요 신기해유ㅋㅋㅋ 합정역 5번 출구에서 골목으로 들어오면 만날 수 있는 24시 <b>합정역탕후루</b>!... ",POSITIVE,POSITIVE,-0.6
라플로레종,신촌역 디저트 카페 [<b>라플로레종</b>] 솔직한 후기,안녕하세요 먹자돼임다 이번 리뷰할 곳은 신촌역에 위치한 디저트 카페 [<b>라플로레종</b>] 이라는 곳인데요! 위치 참고하세요 골목 안쪽에 있어서 바로 발견하기는 쉽지 않아요! 영업시간 참고하삼 ㅎㅎ 내부는... ,POSITIVE,POSITIVE,-0.6
투썸플레이스 홍대입구역점,홍대 <b>투썸플레이스 홍대입구역점</b> 내돈내산,근처 프렌차이즈 카페 시간을 검색하다 보니 역에서도 가깝고 시간도 밤 12:30까지 하는 <b>투썸 플레이스</b>가 있어서 거기로 갔다. 카페가 넓다. 하지만 역시 사람이 많아서 시끌시끌 내가 주문한 건 유자... ,POSITIVE,POSITIVE,-0.6
경성꽈배기 대흥역점,서울 마포구에 새로생긴 음식점 상가 입니다.,<b>대흥역점</b> <b>대흥</b>동 803번지 동양엔파트 엔디에이치2(NDH2) 도화동 182번지 6호 대박노가리 도화동 194번지 24호 푸라닭 마포<b>역점</b> 도화동 250번지 10호 <b>경성</b>찹쌀<b>꽈배기</b> 도화동 250번지 2호 청년다방... ,POSITIVE,NEGATIVE,-0.6
서울호떡 신촌본점,신촌 맛집 사계절 내내 즐기는 <b>서울호떡 신촌본점</b>,다비치 강민경님 유튜브를 보다 사계절 내내 호떡을 즐길 수 있는 신촌 맛집 <b>서울호떡 신촌본점</b> 알게... 메뉴명은 서울호떡이지만 우리가 흔히 알고 있는 기본 중의 기본 스타일이라 익숙하면서도 아는 맛이... ,POSITIVE,POSITIVE,-0.6
시루케이크,대전 성심당 케익부띠끄 주말 웨이팅 귤<b>시루 케이크</b> 보관소... ,"웨이팅하고 케이크보관소 예약하고 귤시루 안전하게 맡긴 과정을 세세하게 풀어볼게요! <b>시루 케이크</b> 사러 여기저기 꿀팁을 얻기 위해 찾아보시는 분들을 위해 토요일 웨이팅 시간, 케이크 보관 장소 위치... ",POSITIVE,POSITIVE,-0.6
말통커피앤베이글,합정 인생 베이글 맛집 : <b>말통커피앤베이글</b>,ㅎ…ㅏ 우리집 앞에도 차려주세요 <b>말통커피앤베이글</b> &lt;영업시간&gt; 월-토 : 07:00 ~ 18:00 일요일 : 휴무 합정역 5번출구에서 100미터 남짓? 암튼 엄청 가까운 말통커피 오픈한지 얼마 안되어서 외관이 상당히 깨끗하고... ,POSITIVE,POSITIVE,-0.6666666666666666
홍마떡 홍대본점,떡볶이 맛집] 줄서는식당2 홍대 마늘떡볶이 “<b>홍마떡 홍대본점</b>“,가득한 홍대마늘떡볶이 “홍마떡” 에 다녀왔다 입구! 평상시에는 사람이 많아서 대기하는듯 대기... 같다 홍마떡도 전국택배배송 가능! 오늘도 잘 먹었습니다  &lt;<b>홍마떡 홍대본점</b>&gt;  주소 : 서울 마포구... ,POSITIVE,POSITIVE,-0.8
고미푸딩,망원역 카페 | 망원 푸딩 맛집 <b>고미푸딩</b> 망원점,"귀여운 외관, 따뜻해 보이는 감성도 좋았지만 무엇보다 푸딩을 파는 집이어서 둘 다 서로 시선을... <b>고미푸딩</b>의 고미가 아마 얘를 말하는 거겠지? 확실히 깜찍한 느낌이 들었다. 내부 출입문 바로 옆에 보이는... ",POSITIVE,NEGATIVE,-0.8
빌리프커피로스터스,"서교골목 작업하기 좋은 대형카페, <b>빌리프커피로스터스</b>","커피 만큼 디저트도 맛있는 우리동네 터줏대감 카페 빌리프였습니당 <b>빌리프커피로스터스</b> 서울특별시 마포구 양화로11길50(서교동384-3) 0507-1374-3101 OPEN 08:00 - 22:00 &lt;연중무휴 99%, 올 추석 운영&gt; 포장/단체... ",POSITIVE,POSITIVE,-0.8
양갱상점,서울 연희동 카페 추천 <b>양갱상점</b>  '금옥당',20시 (<b>양갱</b> : 20시 20분 마감) 이번 여름 휴가에 살며시 다녀온 서울 ! 언니가 연희동 바늘이야기에... 여긴 <b>양갱</b>전문인데 #팥빙수 도 아주 유명하다고 ! 우리 갔을때 웨이팅이 있었다 ! 한 10분 정도 기다리고... ,POSITIVE,NEGATIVE,-0.8
어글리베이커리,[망원동빵집] 드디어 <b>어글리베이커리</b> 내돈내산 솔직후기... ,전 빵수니..!!ㅋㅋㅋㅋ 망원동에서 유명한 베이커리들 몇개 중 <b>어글리베이커리</b>아니면 후와후와를... 감동의 흑임자 맘모스 어글리크림빵 얼그레이크림빵 구황작물덕후 빵보관법도 잘봐줍니다! 크림빵이랑... ,POSITIVE,POSITIVE,-0.8
퐁포네뜨 홍대점,"서울-메세나폴리스, 딸기생크림케익이 맛있는 <b>퐁포네뜨</b>","역시 케익은 아메리카노와 함께지 진짜 최고지 아..... 잊지말아야지 퐁포네뜨.★ 여긴 <b>퐁포네뜨 홍대점</b>. 퐁포네뜨 메세나폴리스점, 2층 에스컬레이터 옆 구석에 있음",NEGATIVE,POSITIVE,-0.8
또보겠지떡볶이집 깐따삐아점,[홍대 맛집] 전설의 버갈튀 맛집 <b>또보겠지떡볶이</b> <b>깐따삐아점</b>... ,안녕하세요 푱푱입니다 오늘은 !또보겠지떡볶이! 리뷰를 해보려고해요 제가 이 레전드 맛집을 이제야 다녀왔습니다… 그럼 가보실까요? <b>또보겠지떡볶이집 깐따삐아점</b> 위치: 서울 마포구 와우산로21길 28-12... ,NEGATIVE,POSITIVE,-0.8
베니케이크,홍대 레터링케이크 잘하는 상수역카페 <b>베니케이크</b>,"레터링케이크는 당일 주문이 어려운 곳이 많은데, <b>베니케이크</b>는 당일케이크가 있어 당일픽업이 가능하다고 해요! 3.메뉴판 메뉴판은 위와 같은데요! 이미지 클릭하시면 더 자세하게 확인 가능합니다... ",POSITIVE,POSITIVE,-0.8
밀크팩토리,다자이후텐만구 구마모토성 아소<b>밀크팩토리</b> 가마도지옥 유후인... ,아소 <b>밀크 팩토리</b>인데 전망대 가기전에 잠시 들려서 요구르트 하나씩 주셨는데 요거요거 맛있더라고요. 엄청 상쾌하고 깔끔해요 밀크라고 적혀있는데 맑은 요거트 느낌이 강했던 것 같아요. 저는 바로 먹지... ,POSITIVE,POSITIVE,-0.8
미소핫도그 홍대본점,스물 다섯번째,"법 #홍익닭한마리<b>홍대본점</b> 필름이 싸악 끊길만큼 술을 먹으면 다음날 다같이 배드민턴에서... 귀여운 자식 고척 가보자고~~ 경기 시작 전 음식 부수기 <b>핫도그</b>,, 왜이렇게 맛있니??! 사장님 닭강정이 너무 매워요... ",POSITIVE,NEGATIVE,-0.8
민트하임,2024년 홍대 미쿠 콜라보_서울호떡 <b>민트하임</b> 엣모스피어,#<b>민트하임</b> 도착했습니다 민트 라임은 저번에도 콜라보를 했었어서 블로그에도 글을썼었을거에요 저번에는 굿즈존이 컸었는데 축소 하고 테이블을 놓았네요 민트 타임에도 손님들이 많았는데 대부분 다 콜라보... ,POSITIVE,NEGATIVE,-0.8
32파르페,홍대 길거리 음식 모음 - <b>32파르페</b> 홍대점 / 홍콩와플,"<b>32파르페</b> 홍대점 - 영업시간 : 12:00 - 23:00 - 위치 : 서울 마포구 홍익로3길 35 홍대입구역 9번 출구에서 448m SNS에 자주 보이던 긴 아이스크림을 팔길래 사 먹어봤습니다. 가격은 3,000원이었고 콘이랑 컵 중... ",POSITIVE,NEGATIVE,-0.8
뚜레쥬르 신촌로터리점,이음카드 사용불가매장,(사)한국건강관리협회인천광역시지부 (사)한국근로장애인진흥회 (사)한국근로장애인진흥회 (사회복지법인)서천재단 (유) 한국맥도날드 부평역점 (유)금강장례식장 (유)성인천장례식장 (유)... ,POSITIVE,POSITIVE,-0.8
뚜레쥬르 합정메세나점,<b>뚜레쥬르</b> 앙버터 스프레드 먹어봄,지난 6월에는 따벙이 생일이 있어서 친구들과 생파를함 감바스에 넣을 빵좀 더사려고 뚜레쥬르에... 근데 역시 앙버터는 팥과 버터가 같이 있어야겠더라는. 구매처: <b>뚜레쥬르 합정메세나점</b>,POSITIVE,POSITIVE,-0.8
피스오브헤븐,마포 상수역 유기농 수제 디저트 <b>피스오브헤븐</b>,유기농으로 정성껏 매장에서 굽는 피스오브케이크가 아닌 <b>피스오브헤븐</b> 상수역에 이런 디저트 가게가 있다니 시식해보니 이건 홍콩 제니쿠키맛나요 한때 엄청 인기 있었죠 아주 사르르 녹아요 바로 옆옆에... ,POSITIVE,POSITIVE,-0.8
당고집,오사카 160년 <b>당고집</b>을 소개합니다,블로그 서치하다가 난바역 근처 160년 <b>당고집</b>이 있다고 하는데 이걸 안가?? 가야지 ~ <b>당고집</b> 가는 길 ~ 길... 내가 기다리고 기다리던 당고 ㅠㅠ 이거지... 이거야... 시럽이 진짜 가득해요 ... 게다가 팔팔 끓는... ,POSITIVE,NEGATIVE,-0.8
새검정,"[합정카페] 작업하기 좋은 공간, <b>새검정</b>","합정 카페 <b>새검정</b> 합정역 7번 출구에서 3분 거리이며, 11:30-22:00 휴무는 따로 없는 것 같아요 :) 주차는... 공간, '<b>새검정</b>' 을 소개시켜드렸는데요 다들 도움이 되셨다면 하트 ❤️ 안됐어도 하트 (?) ❤️ 다음에 또... ",POSITIVE,NEGATIVE,-0.8
와플대학 홍대캠퍼스,홍대 카페 <b>와플대학 홍대캠퍼스</b> 티라미수 와플 너무너무 맛있어 !,"대한민국 와플 No.1 K와플 [와플대학]은 다양한 토핑과 신선한 생크림으로 바삭하고 맛있는 와플을 커플, 가족, 친구, 아이와 할께 즐길 수 있는 카페 / 홍대 카페 <b>와플대학 홍대캠퍼스</b> 티라미수 와플 너무너무... ",POSITIVE,NEGATIVE,-0.8
머씨커피,"합정 에끌레어 디저트 맛집 <b>머씨커피</b>, 여름이랑 잘 어울리는... ","제가 인스타에서 <b>머씨커피</b>를 보고 와! 여기는 한번 가봐야겠다! 했거든요? 그래서 합정이나 상수에서... 머씨 블렌드 - 고소한 커피 에티오피아 - 베리, 복숭아의 산미 있는 커피 스윗 드림 - 디카페인 커피... ",POSITIVE,NEGATIVE,-0.8
투썸플레이스 상수역점,<b>투썸플레이스 상수역점</b> 메니투웍제빙기 수냉식 수리,콘트롤러 교체,NEGATIVE,POSITIVE,-0.8
파이앤브라우니,카페 18년간 호두파이를 구운 장인의 맛 <b>파이앤브라우니</b> 카페,좋은 사람과 만나 함께한 소중한 시간이었습니다. #한양도성길 #명륜동 #<b>파이앤브라우니</b> #<b>파이앤브라우니</b>카페 #성균관대후문 #호두파이 #혜화동카페 #명륜동카페,POSITIVE,NEGATIVE,-0.8
투썸플레이스 합정역점,합정역 카페 카공하기 좋은 <b>투썸플레이스 합정역점</b>,일요일 오전에 자주 가는데 10시즈음에는 사람이 별로 없어서 좋아요 <b>투썸플레이스 합정역점</b>... 매장이 넓어 단체로 방문하기 좋은 투썸플레이스 합정역 후기였습니다. 스터디 장소 카공 장소로도... ,POSITIVE,POSITIVE,-0.8
BBQ 홍대역점,한번 꼭 얘기드려보고 싶었던 <b>BBQ홍대역점</b> 황금올리브치킨속안심!,저의 경우 보통 <b>BBQ홍대역점</b>꺼를 포장해서 먹는 편이에요. 일단 근처 치킨 파는 곳 중에 제일 마싯는 것도 그렇고 집 오는 길에 식거나 했던 적이 없다보니 좋게 느껴지더라고요. 몇달 전에는 항상... ,POSITIVE,POSITIVE,-1.0
GLT젤라또,"연남동 디저트 맛집 나들이[만동제과,리틀빅토리 <b>GLT젤라또</b>]",2번째 장소까지 클리어~~ 마지막은 <b>GLT젤라또</b>입니다. 여기가 젤라또 진짜 찐입니다! 연남동에 젤라또 가게 몇군데가 있지만 여기가 저는 제일 맛있었습니다. 평소에 먹어보지 못한 맛도 있고 진짜 추천드려요!!... ,POSITIVE,POSITIVE,-1.0
한강에스프레소 상수점,상수역 에스프레소바 <b>한강에스프레소 상수점</b>,커피도 맛있고 분위기도 너무 좋은 에스프레소바인 한강에스프레소예요  #한강에스프레소 #에스프레소바 #상수에스프레소바 #<b>한강에스프레소상수점</b> #상수에스프레소 #상수카페 #상수커피 #상수역커피... ,POSITIVE,NEGATIVE,-1.0
스타벅스 홍대삼거리점,<b>스타벅스 홍대삼거리점</b> 2023년 스타벅스 봄메뉴,"써버리기 <b>스타벅스</b> 신상메뉴 슈크림 라떼, 핑크 플라워 유스베리 티, 바질 레몬 셔벗 블렌디드 봄 신상... <b>홍대삼거리점</b>은 퇴근 시간에 와도 학생들이 꽤 많다 2층까지 있는데, 시간 선택 잘못하면 시끄러울... ",POSITIVE,NEGATIVE,-1.0
드롭탑 홍대점,노트북 가능한 합정역 근처 대형 카페 <b>드롭 탑 홍대점</b> 리뷰,홍대에서 좀 돌아다녀 봤다 하면 알법한 카페 드롭 탑임 근데 여기가 생각보다 쾌적하고 와이파이도 잘 돼서 카공 하는 사람들도 좋을 거 같아서 추천함 ⭐️ <b>드롭 탑 홍대점</b> ⭐️ ✔️ 영업시간 ⏰ 매일 09:00... ,POSITIVE,POSITIVE,-1.0
훈고링고브레드,망원동 카페 일본감성의 베이커리 <b>훈고링고브레드</b>,이러기도 쉽지 않은데 모두 다 마음에 들었던 <b>훈고링고브레드</b> 훈고링고 커피세트 11.000 : 샤브레.오트밀 초코쿠키. 버터쿠키. 마들렌의 작은 구움과자를 커피와 함께 하나씩 맛볼 수 있는 다과세트 훈고링고... ,POSITIVE,NEGATIVE,-1.0
세빠띠,연남동카페 <b>세빠띠</b> 프랑스 디저트 전문점 C`est parti,"cafe <b>세빠띠</b> · 연남동 카페 내돈내산 · 프랑스 디저트 샵 · 정성스러운, 맛있는 - 주소 - 서울 마포구... 바로 <b>세빠띠</b>입니다. 홍대입구역에서 5분 정도 걷다 보면 하얀색 단독주택이 나와요. 외관이 너무... ",POSITIVE,NEGATIVE,-1.0
푸딩아이,대전 물놀이 가능한 수영장 키즈카페 디어<b>푸딩 아이</b>랑 가볼... ,수 있는 새로 리뉴얼된 디어<b>푸딩</b> 7월 한 달 동안 입장료 할인도 하니 이벤트 참여해서 또 와야겠어요 #대전키즈카페 #대전키즈카페추천 #대전수영장키카 #대전물놀이키즈카페 #디어<b>푸딩</b> #대전<b>아이</b>랑가볼만한곳,POSITIVE,NEGATIVE,-1.0
투썸플레이스 홍대걷고싶은거리점,마포구 어울마당로 <b>투썸플레이스 홍대걷고싶은거리점</b>  변기 교체,2023년 6월 19일(월) 마포구 어울마당로 <b>투썸플레이스 홍대걷고싶은거리점</b> 4층 남자화장실 변기파손으로 인하여 교체한 사례입니다. 변좌 내부가 깨져 물이 누수되는 상태로 교체할 수 밖에 없는... ,POSITIVE,POSITIVE,-1.0
고양이식당,고양이 덕후 집사님들이 가면좋을 합정 이자카야 <b>고양이식당</b>,참고로 저는 고양이 덕후에 집사로 8년 경력이 있습니다 ㅋㅋㅋㅋㅋ 강아지보다는 고양이를 선호하는데 <b>고양이 식당</b>이라니! 갑자기 궁금해서 사장님께 물어보니 합정 이자카야를 운영하고 계신다는것? 오 식당... ,NEGATIVE,POSITIVE,-1.0
브릭베이글,망원동 빵집 <b>브릭베이글</b> 평일 웨이팅 ft.황치즈 옥수수치즈,바로 앞팀 중국인 분이셨는데 영어 메뉴판이 없어서 하나하나 물어보고 계셨다...☆ ㅋㅋㅋㅋㅋㅋㅋㅋㅋㅋㅋㅋㅋㅋㅋ 안녕 나 처음이야 <b>브릭베이글</b> 베이글 샌드위치 말고도 요런 베이글 종류도 있네요 요정도... ,POSITIVE,NEGATIVE,-1.0
네코네주방,합정가성비이자카야 <b>네코네주방</b>,발견한 <b>네코네 주방</b> !!! 합정가성비이자카야로 리뷰가 가득하던데 기대를 한가득하고 도착 이른 시간에 도착해서 그런지 웨이팅 없이 운좋게 바로 들어갔고 자리도 골라앉을 수 있었다 <b>네코네주방</b> 야외석은... ,NEGATIVE,POSITIVE,-1.0
밀로밀,"망원역_<b>밀로밀</b>, 소문난 소금빵 맛집 빵순이라면 알고 있는 필수... ","<b>밀로밀</b>  주소 : 서울 마포구 희우정로10길 9 1 영업시간 : 수~일 11:00-18:00 월~화 정기휴무 포장, 무선인터넷 빵 종류 및 가격 몇 번 시도해 봤지만 늘 품절이라 포기했던 <b>밀로밀</b>!!! 망원동 소금빵하면 빠지지 않고... ",POSITIVE,POSITIVE,-1.0
케이크예스플리즈,합정레터링 <b>케이크예스플리즈</b> 당일 수령 가능합니다,"합정레터링 <b>케이크예스플리즈</b> 당일 수령 가능합니다 안녕하세요. 이상하게 연달아 서쪽 맛집 포스팅이... 예스케이크플리즈는 매장도 cake도 귀여운 가게였습니다. (춘식이는 결이 다르려나,,,) 결과는 성공적!... ",POSITIVE,POSITIVE,-1.0
마로스쿠키,가격이 미쳐버린 합정역 두바이 초콜릿 쿠키 맛집 '<b>마로스쿠키</b>... ,안녕하세요~소소한입니당 오늘의 내돈내산 스페셜 포토덤프 카페는 합정역 근처 두바이 쿠키 양대산맥 <b>마로스 쿠키</b>입니다! 이번주는 지난번 두바이 초콜릿 쿠키집 근처에 또다른 두바이 초콜릿 쿠키집이... ,POSITIVE,POSITIVE,-1.0
루즈도어,"커피, 컵홀더 패키지제작! 이국적인 컨셉의 망원동 <b>루즈도어</b>",오늘은 여러분들께 망원동에 위치한 이국적인 무드의 카페 <b>루즈도어</b> 콜드브루 라벨과 컵홀더 디자인 제작 사례를 보여드리려 해요 :) 그럼 바로 시작해볼게요 ㅎㅎ <b>루즈도어</b>를 가보신 분들은 아시겠지만 카페의... ,POSITIVE,NEGATIVE,-1.0
라운지 클라리멘토,합정역 카페 : 라떼 핸드드립 맛집 커피 <b>라운지 클라리멘토</b>!,합정에 갔던 날 들렀던 합정카페 <b>라운지 클라리멘토</b>. 크지 않은 규모이지만 힙한 분위기에 커피를 맛있게 마시고 왔던 카페  내부에 좌석이 큰 쇼파석 두개와 마주보는 쇼파석 (손님이 있어 찍지 않은 자리)... ,POSITIVE,NEGATIVE,-1.0
해머스,레베케제 생활의 달인 수제햄 레시피 <b>해머스</b> 본점 직영점 주소... ,"먼저, 달인의 맛집 이름은 '<b>해머스</b>'로 서울시 마포구의 본점과 서울시 서초구의 직영점이 있는데요, 이번 생활의 달인 '레베케제햄의 달인'편의 촬영 장소는 마포구에 있는 '<b>해머스</b> 연남본점'입니다. 이번... ",POSITIVE,NEGATIVE,-1.0
달콤한거짓말,카페 홍대 홀케이크 미니케이크 재료 듬뿍 들어간 <b>달콤한거짓말</b>,가정집 느낌의 편안한 분위기에 달콤한 디저트와 케이크를 즐기기에는 부족함이 없었습니다. 디저트와 케이크의 맛이 감히 합정 상수에서 최고가 아닐까 해요. <b>달콤한거짓말</b> 홍대 미니케이크 중 고른... ,POSITIVE,POSITIVE,-1.0
나비카페,[<b>카페</b>]부천 <b>카페</b> <b>나비</b>에서 여유 즐기기,마침 사장님께서 새로 메뉴 재정비하셨다길래 시그니처 메뉴인 나비 크림 라떼 주문했어요~ (기대 기대)... 더 말할 필요 있나요~~ 부천 신중동역 근처에서 분위기 좋은 카페 찾으신다면 <b>나비 카페</b> 추천드릴게요  뿅!,NEGATIVE,POSITIVE,-1.0
아라또,주문제작 해주는 홍대젤라또 젤라떼리아 <b>아라또</b> 너무 귀여워,젤라떼리아 <b>아라또</b> feat. 귀여운 소품들 이 귀여운 젤라또 가게는 여기 있읍니다 딱 가게 많이 있는... 눈에 또 들어옴ㅋㅋ 히히 자리마다 물티슈가 있어서 아주 깔끔하게 먹을 수 있다눙✨️ 사장님 센스... ,NEGATIVE,POSITIVE,-1.2
에반커피,뮤지컬 디어 <b>에반</b> 핸슨 윤승우 배우님 <b>커피</b>트럭 케이터링,"이번 뮤지컬 <b>커피</b>차 서포트 &lt;디어 <b>에반</b> 핸슨&gt;팀과 윤승우 배우님께 응원이 되었기를 바랍니다! 앞으로도 윤승우 배우님의 활동을 응원하며, 다음에도 기회가 된다면 또 다른 서포트에서 뵙기를 바랍니다!... ",POSITIVE,POSITIVE,-1.2
카페델카미노,합정 생애플망고빙수 파는곳 <b>카페 델카미노</b> 맛있고 착한가격,"암튼, <b>카페델카미노</b> 주소는 서울 마포구 어울마당로 44, 1층 상수역 1번출구에서 나오면 상수동 카페거... 오후를 달래줄 달콤하고 시원한 디저트로 망빙을 찾으신다면 델카미노에서 드셔보셔도 괜찮을 것 같아요~~",POSITIVE,NEGATIVE,-1.2
왕코미네탕후루 대흥역점,용인동백역 앞 <b>왕코미네탕후루</b> 동백<b>역점</b>,용인 동백역에 새로 생긴 <b>왕코미네탕후루</b> 원래도 종종 가는 아이스크림 세계과자 할인점 옆에 생겼더라구요. 첫날은 줄까지 설 정도로 인기만점!! 얘가 코미 인가보네요. 모든 과일 필수 세척으로 안심... ,POSITIVE,POSITIVE,-1.2
카페345,[홍대/마포] 홍대 거리 :: <b>카페345</b> :: 넓은 핸드드립 카페,"좋은 카페인 것도 맞는데, 확실히 공장처럼 싸게 커피 찍어내는 느낌은 아니다! 좀더 다양하고 맛있는 커피 제공하려고 노력하시는 것 같아서 덕분에 새로운 경험을 할 수 있었음! <b>카페345</b> 추천  이 글은... ",NEGATIVE,POSITIVE,-1.2
쉬즈베이글,신대방역 카페 <b>쉬즈베이글</b> 신대방역점 안가는건 이유가 있지,베이글 샐러드 그릭요거트 내가 좋아하는 메뉴는 많지만 샐러가 완전 푸짐한 편은 아님. 내 기준 샌드위치 토스트가 베스트 ㅋㅋ 에그샌드위치와 아메리카노 가성비 최고의 조합 <b>쉬즈베이글</b>은 좋아하는데... ,POSITIVE,POSITIVE,-1.2
라프하우스,&lt;연남동&gt; 경의선 숲길 핫한 디저트 맛집 '<b>라프하우스</b>',"맛집 &lt;<b>라프 하우스</b>&gt;를 다녀왔어요. 이 집은 연남동 디저트 맛집인데요, 동물성 100% 생크림을 사용한 겉은 바삭한 과자 같고 속은 쫀득한 이쁜 '파블로바 맛집'입니다. ◆ 상호: <b>라프하우스</b>(카페,디저트)... ",POSITIVE,NEGATIVE,-1.2
홍대씨부엉,줄서서 먹는 홍대떡볶이맛집 <b>홍대씨부엉</b> 완전 맛있어!,홍대떡볶이맛집 <b>홍대씨부엉</b> 2층에 위치해 있습니다. 계단 따라 쫑쫑쫑 올라가시면 되요. 2층으로 올라오면 대기석이 있어요. 점심시간이 되면 줄서서 드셔야 합니다. 저희는 누구보다 빠르게 호다닥... ,POSITIVE,POSITIVE,-1.2
허밍벨라,[홍대 카페 | <b>허밍벨라</b>] 테라스에서 커피와 디저트 즐기면서 힐링,<b>허밍벨라</b> #홍대베이커리카페 #홍대대형카페 #홍대데이트 #홍대핫플 #합정베이커리카페 #합정대형카페 #서이추 #러브딘 #러브딘_in서울 합정 골목길에서 찾은 힐링스팟 대형 베이커리 카페 ‘<b>허밍벨라</b>’... ,POSITIVE,NEGATIVE,-1.2
데보,[ 커피이야기 ] 뉴욕 <b>데보</b>시온의 콜롬비아 커피,"며칠간 뉴욕을 다녀온다고 하며 약 처방을 받은 환자 한 분이 뉴욕의 유명한 카페인 <b>데보</b>시온(Devocion)을 방문했었는데, 그곳에서 직접 구매해서 가지고 온 원두를 선물로 받았기 때문입니다. <b>데보</b>시온(Devocion)... ",POSITIVE,NEGATIVE,-1.2
도토리앤다람쥐,[서교동 카페] 홍대 디저트 선물 고민일 때 <b>도토리앤다람쥐</b>,":) 오늘은 홍대 디저트 선물로 고민할 때 방문하기 좋은 &quot;<b>도토리앤다람쥐</b>&quot;에 다녀왔습니다. 운영 시간... 귀여운 도토리와 다람쥐 간판도 보입니다! 자, 이제 들어가 볼까요? 메뉴 메뉴는 아래와 같습니다! 커피... ",POSITIVE,NEGATIVE,-1.2
동대문엽기떡볶이 상수역점,<b>동대문엽기떡볶이 상수역점</b>,하여튼 <b>상수역점</b>이라고 합니다... 너무 맛있었어요... 치즈가 개짱많이 들어 있어서 치즈 추가 한 거 아닌가 했지만!!!!! 사실 오뎅만 추가했답니다 그리고 엽떡에 빠질 수 없는 바싹납작만두? (이름이 기억 안 나... ,NEGATIVE,POSITIVE,-1.2
두두리두팡,"서울 혼자여행 망원동 비건 대안부엌풀, <b>두두리두팡</b>",그리고 다음으로 방문한 <b>두두리두팡</b> 비건 카페 위가 안 좋은 저는 비건 카페를 정말 좋아하는데 여긴 정말 저의 인생 케이크집이에요 망원시장에서 조금만 걸으면 나오는 곳 <b>두두리두팡</b> 메뉴판 저는 디카페인... ,POSITIVE,NEGATIVE,-1.2
또보겠지떡볶이집 붕붕허니비점,홍대 <b>또보겠지떡볶이집 붕붕허니비점</b> 2층 + 연남 코이크... ,이 떡볶이 집도 약속잡을 때 제시받아서 고른 집이다. 한마디로 처음 가본 곳이라는 말임 <b>또보겠지떡볶이집 붕붕허니비점</b> 2층 2호선 3번 출구로 나와 5분정도 걸으면 도착 하는데 매장이 2층에 있다. 시선을... ,POSITIVE,POSITIVE,-1.2
투썸플레이스 홍대예술의거리점,<b>투썸플레이스 홍대예술의거리점</b> 아메리카노(with 케이크),스타일의 케이크라고 설명 되어있네요 출처 : <b>투썸플레이스</b> 홈페이지 떠먹는 아이스 박스 칼로리는 1조각에 775kcal 당류 : 36g 단백질 : 8g 포화지방 : 37g 나트륨 : 460mg <b>투썸</b>은 진짜 누가 뭐래도 케이크 최고에요!!,POSITIVE,NEGATIVE,-1.2
또보겠지떡볶이집 스마일보이점,<b>또보겠지 떡볶이</b> 홍대 <b>스마일보이점</b>과 종로 몽글몽글청계점,그래서 저희는 주로 홍대에서는 #스마일보이점 을 갑니다! 주차는 어려운 홍대지만 대충 근처 빌딩에 하고 가거든요. 아님 공영에 하거나ㅠ <b>또보겠지떡볶이집 스마일보이점</b> 서울 마포구 와우산로29길 14-8 101호... ,NEGATIVE,POSITIVE,-1.2
멜로우,실크드레스 본식 부케 추천 릴리<b>멜로우</b> 후기,"릴리<b>멜로우</b> ! 맨스필드장미부케로 했어요 ㅋㅋㅋㅋㅋ 비슷한데 조금 더 분홍이죠?? 제 드레스랑 비슷한... 나이가 있어 보이는 느낌 코랄빛 카네이션, 다른 스타일 그린소재 릴리<b>멜로우</b> 혼주코사지 그런데 제... ",POSITIVE,NEGATIVE,-1.2
미크플로 홍대점,홍대입구역카페 <b>미크플로 홍대점</b>에서 카이막 먹었어요,참고로 홍대입구역카페 <b>미크플로 홍대점</b>은 바로 옆에 있는 매장인 킹덤분식 홍대점과 콜라보로 할인 이벤트도 진행 중이니 굿굿 이제 디저트를 고르기 위해 쇼케이스 살펴보기! 넘나 귀여운 푸딩이 있어서... ,POSITIVE,POSITIVE,-1.2
봉쥬르마카롱,당곡 베스킨라빈스 3월 신메뉴 <b>봉쥬르마카롱</b> 맛 추천,"베스킨라빈스 3월 신메뉴 없어지기 전에 한번 드셔보세요 ㅋㅋ 단거 좋아하시는 분들, 마카롱 좋아하시는 분들은 좋아하시리라 믿어 의심치 않습니다 ㅋㅋ <b>봉쥬르마카롱</b> 맛 추천드리고 저는이만 사라질께요^^",POSITIVE,POSITIVE,-1.2
붉은낙타,붉은 조명이 세상 힙한 홍대 요리주점 육회 맛집 &lt;<b>붉은낙타</b>&gt;,럭키 대가리 꽃밭 낙타와 세상은 요지경 알파카 입구에 세상 힙한 포토존도 있었어요. 분위기... 홍대 힙한 요리주점 ‘<b>붉은낙타</b>’ 리뷰입니다. 붉은 조명과 힙한 인테리어가 시선을 끄는 곳 파우더룸이 구비된... ,POSITIVE,POSITIVE,-1.2
브루클린베이글팜,[홍대] 뉴욕에서 온 전통베이글 맛집 “<b>브루클린베이글팜</b>”... ,"식감 - 진하면서 감칠맛 있는 크림치즈(But, 양이 조금 적다!) - 맛 가성비 처음엔 의심이 조금 있었지만 맛을 보니 미국에서 왔음을 확신했어요 종종 올듯한 베이글 맛집 <b>브루클린베이글팜</b> 내돈내산 후기 끗! ⭐️",NEGATIVE,POSITIVE,-1.2
빵드합정,합정역 카페 제과기능장이 만드는 건강한 빵 맛집 <b>빵드합정</b>,찾다가 합정역에 신상 빵집이 생겼다고 하여 바로 달려간 곳은 <b>빵 드 합정</b> Pain de Hapjeong <b>빵 드 합정</b>... 맛있는 빵 진열대 우와.. 대한민국 제과기능장이 만드는 합정 빵집으로 얼마나 맛있을지 벌써부터 기대가... ,POSITIVE,NEGATIVE,-1.2
페스까,홍대 Pesca <b>페스까</b> /홍대 위스키 수제 젤라또 맛집 /gelato... ,알고보니 상호명이 ‘<b>페스까</b>Pesca’였습니당 영업시간 : 일요일~목요일 12:00-24:00 금요일~토요일 12:00-25:00 (인스타그램 표기 기준) 위치: 홍대입구역 경의중앙 6번 출구 도보 2분거리 요렇게 인스타그램도... ,NEGATIVE,POSITIVE,-1.4
페그로스터스,"홍대 카페 추천, 밀크티가 맛있는 <b>페그로스터스</b>! (+ 홍대 요거트... ","추천, <b>페그로스터스</b> 운영시간 : 월-금 9:00 ~ 19:00 토 9:30 ~ 19:00 일 정기휴무 전화번호 : 070-4257-7770 주소 : 서울 마포구 동교로 135 1층 오랜만에 한국 온 친구들과 홍대에서 밥 먹고 카페가자 해서 온 <b>페그로스터스</b>!... ",POSITIVE,POSITIVE,-1.4
트리플베이글,합정 베이글 브런치 전문점 &quot;<b>트리플 베이글</b>&quot; (애견 동반 가능),"합정 베이글 전문집인 트리플은 정말 관리가 잘 되어 있었습니다 매장에서 직접 당일 생산, 당일 판매만 하는 신선하고 쫄깃한 <b>트리플 베이글</b> 크림치즈와 함께 먹으면 더 맛있다는 합정 베이글 전문점 트리플... ",NEGATIVE,POSITIVE,-1.4
합정티라미수,<b>합정</b> 마담 <b>티라미수</b> 택배로 주문해봤어요!,예전에 합정 마담 티라미수 라고 많이 알려졌는데 지금은 둘이 나뉘어지고 원조가 여기라고 해요 그때... 이렇게 달달함으로 장마로 생기는 우울함 타파해보자구요 #<b>합정티라미수</b> #마담티라미수 #티라미수택배,POSITIVE,NEGATIVE,-1.4
카페몬데이,의정부중앙역<b>카페 몬데이</b>커피에서 달달한 딸기라떼 마셨어요,딸기라떼가 나오는 시간도 오래 걸리지 않았어요 그리고 곧이어 의정부중앙역<b>카페 몬데이</b>커피에서... 의정부스콘맛집 #의정부커피맛집 #의정부르뱅쿠키 #의정부카페맛집 #몬데이커피 #중앙역몬데이커피,POSITIVE,NEGATIVE,-1.4
해머플레이스,프랑스 감성을 가진 합정카페 '<b>해머플레이스</b>',헤머플레이스 메뉴판 메뉴판만 있으면 어려울까 봐 사진 메뉴판도 준비되어 있습니다. 합정카페 <b>해머플레이스</b>의 시그니처 디저트! 바로 크림브륄레입니다. 저는 크림브륄레의 종류가 이렇게 다양한지... ,POSITIVE,NEGATIVE,-1.4
트래블카페샬레,"[<b>트래블카페샬레</b>] 여행은 가고... 없다면, <b>트래블 카페 샬레</b>으로!","안녕하세요:) 물음표 살인마입니다♥️ 오늘의 포스팅은 합정에서 독특한 컨셉으로 이목을 끌고 있는 카페, “<b>트래블카페 샬레</b>” 입니다✨ 현재 12/10일까지 휴무중이니 그 이후에 영업일정을 꼭 확인하고... ",POSITIVE,POSITIVE,-1.4
후와후와,"신세계 강남 스위트파크 팝업 스토어 베이크백, <b>후와후와</b>... ","부산의 모찌빵 베이크백, 그리고 망원동의 <b>후와후와</b>가 신세계 강남점 스위트파크 팝업 스토어... 17일 첫째 날에 베이크백 9시 40분에 테이블링 등록했더니 57번을 받았고, (<b>후와후와</b>는 첫째 날 테이블링 없이... ",POSITIVE,NEGATIVE,-1.4
카페공명 합정점(서울작업실),여유와 함께 감성을 즐길 수 있는 <b>카페 공명 합정점</b> <b>서울 작업실</b>,<b>카페 공명 합정점</b> <b>서울작업실</b>은 이러한 고민 없이 내가 원하는 플레이트 선택이 가능해서 너무 좋았습니다 주문을 하고나서 바리스타 직원분께서 브루잉 하시는 모습도 지켜보면서 기다렸는데요! 드디어... ,POSITIVE,NEGATIVE,-1.4
파우스디멘션,합정 카페 • 혼카페하기 좋은 힙한 감성의 “<b>파우스디멘션</b>”,소개글에 적힌 문구처럼 단순히 커피를 판매하는 공간이 아닌 다양한 영감을 주고 받는 디멘션을 제공하는 #합정카페 원래 저 신문지 같은 공간이 약간 <b>파우스디멘션</b>의 포토존같았지만 오늘은 패스 - 혼자... ,POSITIVE,POSITIVE,-1.4
스마일명품찰진꽈배기,출출한 오후의 바삭고소달콤한 간식 추천_<b>스마일</b> <b>찰진 꽈배기</b>,"[매장설명] <b>스마일</b> <b>찰진 꽈배기</b>는 전국 각지에 매장이 운영되고 있는데요~ 전통시장 우수상품으로 선정되기도 하고, 중소기업청에서 <b>명품</b> 점포로 선정되기도했다고 합니다^^ 매장내부를 조금... ",POSITIVE,NEGATIVE,-1.4
모닐이네하우스 글루텐프리 공방카페,[홍대<b>카페</b>]<b>모닐이네하우스</b> <b>카페</b> 홍대 연남 <b>글루텐프리</b> 블루리본... ,안에 크림종류를 바닐라로 고르고 집에서 에어프라이어에 돌려서 먹었는데 안에 크림이 낭낭한게 너무 맛있더라구요! 제가 너무 가보고 싶었던 <b>글루텐프리</b> <b>카페</b>였던 <b>모닐이네 하우스</b>! 재방문 의사 10000000%에요!,NEGATIVE,POSITIVE,-1.4
스타벅스 홍대입구역사거리R점,[홍대] <b>스타벅스 홍대입구역사거리R점</b> 내돈내산 방문 후기,7500원 <b>스타벅스 홍대입구역사거리R점</b>은 홍대입구역 1번 출구에서 5분 거리에 위치해있어요! 블랙핑크 콜라보 중이라 문 앞에도 콜라보 광고 포스터가 붙어있더라구요! 스타벅스 매장에서도 블랙핑크 노래가... ,NEGATIVE,POSITIVE,-1.4
BBQ 홍대반가점,<b>홍대</b> 치킨 <b>BBQ</b>치킨 <b>홍대반가점</b> 낮부터 치킨이 땡길때 고고고!,홍대 치킨 BBQ치킨 홍대반가점 낮부터 치킨이 땡길때 고고고! 친구들과 홍대나들이 갔다가 낮에 치킨이 땡겨서 다녀온 <b>BBQ 홍대반가점</b>이에요. 홍대 치킨하면 또 BBQ치킨이 아닌가 싶네요^^ 사실 예전에는... ,POSITIVE,POSITIVE,-1.4
경주십원빵,"<b>경주 십원빵</b>, 경주 길거리음식 10원빵 이게 대체 뭐라고",이 <b>경주 십원빵</b>부터 찾았다. 근데 이 경주 10원빵 가게가 도대체 몇 개가 있는지 모르겠다.......; 1박 2일 동안 한 30개는 보고 온 듯. 건물 건너 옆에 또 있고 또 있고;; 우리는 황금십원빵 2호점으로 방문. 다들... ,POSITIVE,NEGATIVE,-1.4
그동네떡볶이 홍대점,"<b>그 동네 떡볶이 홍대점</b>, 망고빙수 디저트카페 비포블루밍","올려본다 <b>그 동네 떡볶이 홍대점</b> 점심시간에 갔더니 웨이팅이 있었다 자리가 협소한 편인데도 웨이팅이 꽤 있는편이고 포장, 배달도 많았던 가게 치즈 폭포 떡볶이랑, 마늘기름떡볶이가 유명한것 같았다... ",NEGATIVE,POSITIVE,-1.4
단하나케이크 홍대점,케이크 만들기 일상을 소개 드립니다 (<b>단하나 케이크 홍대점</b>),(내비에 '단하나케이크 홍대' 검색) 아이와 케이크 만들기 출처 - 단하나케이크 홍대 저도 어린이집에서... 만들기 '<b>단하나케이크 홍대점</b>' 꼼꼼하게 포장도 잘 되어 있고요! 이렇게 케이크 만들기 재료들이 하나하... ,NEGATIVE,POSITIVE,-1.4
도덕과 규범,20221216 카페 '<b>도덕과 규범</b>' 씨네스틸 400D 필름 사진,"카페, '<b>도덕과 규범</b>'의 필름 사진이다. 예약한 시간보다 바버샵에 일찍 도착하게 되어 시간이 붕... <b>도덕과 규범</b> 카페 입구 쪽에 앉아 찍은 것이다. 고의로 반을 태워 찍은 첫 장 다음 제대로 다시 촬영한... ",POSITIVE,NEGATIVE,-1.4
디저트39 합정역점,합정역카페 <b>디저트39합정역점</b>,"제가 먹느라 사진을 못찍었는데 황치즈쿠키슈 안에 크림이 얼마나 많던지,, 속이 꽉 차있답니다 합정역 디저트카페로 #<b>디저트39합정역점</b> 강추입니다 맛도 있고 종류도 많아요",POSITIVE,POSITIVE,-1.4
뚜레쥬르 구수동점,22.7.16-7.31 의식의 흐름대로 쓰는 노잼 일기,특징 : 애초에 사라질 인류애 없음 인류애가 사라지는 이유.jpg 스티커 붙이신 분 3대가 벼락 맞아 뒤지시길~^0^* 퇴근길 뚜레쥬르. 20% 마감 할인 개이득! 휴가 전야 혼맥 파티! <b>뚜레쥬르 구수동점</b> 좀 맛있는 듯!?... ,POSITIVE,NEGATIVE,-1.4
렌테,"먹부림 (성심당, 샤브퀴진, <b>렌테</b>, 커피리브레, 산채가, 아그라)",곳 &lt;<b>렌테</b>&gt;. 뚱카롱이니 뭐니 비주얼만 화려한 것보다 기본에 충실한 느낌이랄까- 마카롱 별로 좋아하지... <b>렌테</b> 사장님께 근처에서 어디 커피가 제일 맛있냐고 여쭤봄 ㅋㅋㅋ 추천해주신 &lt;커피리브레&gt;. 저 한약방... ,POSITIVE,NEGATIVE,-1.4
루케이크,부산 경성대 앙금플라워 생일 떡케이크 <b>루케이크</b> 솔직후기,<b>루케이크</b> 솔직후기 떡케이크가 이렇게 담백하고 맛있을 줄이야.. 단호박 진짜 부드럽더라구요. 어른들이 딱 좋아할 것 같은? 가격이 좀.. 후덜덜해서 좀 그르치만.. 담에 또 시켜야징 ❣️ 흑임자도 맛있을거... ,POSITIVE,NEGATIVE,-1.4
상수동떡볶이,상수역 혼밥하기 좋은 분식집 <b>상수동 떡볶이</b>,싶은 부분이 있는데 사장님이 그 마음을 잘 아셨느지 <b>상수동떡볶이</b>는 혼자와서 떡볶이+순대를 다 맛볼 수 있는 반반세트 1인 메뉴가 있어서 혼밥하시는 분들도 참 좋은 구성이다 벾에 사인이 붙어있어 누군가... ,POSITIVE,NEGATIVE,-1.4
훈훈호떡,"서울 망원동데이트 망원시장투어 오지개, <b>훈훈호떡</b>, 우이락",<b>훈훈호떡</b> 인절미꿀호떡 비주얼 보세요 여러분! 겉에 고소한 콩가루에 바삭한 호떡 한 입 베어물면 나오는 꿀 개인적으로 1개 먹고 아쉬워서 하나 더 먹고 싶었지만 친구와 함께니 1.5개 정도? 안타깝게도 이것은... ,POSITIVE,NEGATIVE,-1.4
씨씨탕후루,새로생긴 연남동 탕후루 | 미니탕후루 | <b>씨씨탕후루</b>... ,연남동 오시면 한번 들려보십숑 그럼 이만 연남동에 새로생긴 미니탕후루 <b>씨씨탕후루</b> 먹어본 결과! 맛있당. (2024.3.19 다시 방문) 시그니처 메뉴인 체리사과를 먹어보기 위해 다시 방문 !! 이번엔 귀여운 틀에... ,POSITIVE,POSITIVE,-1.4
씨엘로,세부 막탄 <b>씨엘로</b>스파 1+1 이벤트 / 모닝글로리 맛집 추천,카톡▶통합검색▶<b>씨엘로</b>스파▶채널추가 아무래도 뉴막탄 쪽에 위치해있기 때문에 제이파크몰 쪽인... 있다 <b>씨엘로</b> 스파 Cielo Spa 메트로마트에서 생각보다 너무 일찍 쇼핑을 끝내고 환전도 끝낸 터라 그냥... ,POSITIVE,NEGATIVE,-1.4
젤라잇,연남동 젤라또 - <b>젤라잇</b> 젤라또팝업,연남동 젤라또 팝업스토어 <b>젤라잇</b> 겨울에 먹는 아이스크림이 찐이지 그냥 아이스크림말고 쫀득한 젤라또가 먹고싶어 방문한 연남동 젤라또 맛집 <b>젤라잇</b> 이탈리아 국기를 연상시키는 색조합 바삭바삭한... ,NEGATIVE,POSITIVE,-1.4
모찌,유키<b>모찌</b> 두바이 초콜릿 젤<b>모찌</b> 아이스크림 제대로네!,유키<b>모찌</b> 두바이 초콜릿 젤<b>모찌</b> 아이스크림 제대로네! 요즘 두바이 초콜릿 하면 다들 알고 계실 정도로 핫한 디저트 중 하나입니다. 아시다시피 츄츄는 수제로 직접 만들어 초대박을 내기도 했는데요. 남편이... ,POSITIVE,NEGATIVE,-1.6
카페꼬모,&lt;영업종료&gt;[대구/건들바위역<b>카페</b>]<b>꼬모</b>맨션 이천직영점,"건들바위역 근처에 있는 이쁜 정원이 있는 <b>카페</b>, <b>꼬모</b>맨션 이천직영점. 처음 생겼을때부터 궁금했었는데 계속 못갔다가 드디어 방문!! 핑크 커트 인증샷도 찍고와서 만족만족 ㅋㅋ [꼬모맨션 이천직영점]... ",NEGATIVE,POSITIVE,-1.6
홍대조폭떡볶이 홍대2호점,나온 인기 많은 분식집!! <b>홍대 조폭 떡볶이 홍대 2호점</b>,오늘은 <b>홍대</b>에 위치한 <b>홍대 조폭 떡볶이</b> <b>2호점</b>에 다녀왔는데요! 그럼 시작할게요~ <b>조폭떡볶이</b> 외관인데요 간판이 넘 힙한 느낌이더라구요!! 포장은 매장 외부에서 받아 가실 수 있었어요! 영업은 11:30~01... ,POSITIVE,NEGATIVE,-1.6
주디마리 홍대점,"[홍대/맛집] '<b>주디마리 홍대점</b>' - 광주의 기적, 홍대에 상륙하다","시키는 메뉴마다 족족 실패하지 않는 주디마리에서의 시간이었습니다. 사실 <b>주디마리 홍대점</b>이 없었을 때, 광주점에서 몇 번이나 택배로 푸딩을 시켜 먹었었는데요! 서울에도 지점이 생겨서 기쁘기도 하고... ",NEGATIVE,POSITIVE,-1.6
푸딩프레소,메디<b>프레소</b> 히비스커스 피치블라썸 | 본디 | 휴유 <b>푸딩</b>... ,메디<b>프레소</b>에서 티 캡슐이 나왔다고 칭구가 준 선물. 우리 집은 짱구하우스라서 찬장에서 티팟... 초록면 클로렐라 아님) 미금에 새로 핫한 <b>푸딩</b>집이 생겨서 가오픈날 달려감. 카페 이름인 '휴유' 를 따서... ,POSITIVE,NEGATIVE,-1.6
스낵바칠링미소프트,"합정 술집 &lt;<b>스낵바칠링미소프트</b>&gt;, 다국적 음식을 맛볼 수 있는... ","<b>스낵바 칠링미소프트</b> 영업정보: 04:00~24:00 (매주 수요일 휴무) 예약 가능, 합정역 도보 9분 스낵바... 가성비 합정역 술집으로 딱 인 것 같아요 합정역 근처 스낵바 술집 찾는다면 칠링미소프트 술집 추천드립니다",POSITIVE,NEGATIVE,-1.6
포비 합정점,"분위기 좋은 여성전용 술집, 스튜디오<b>포비</b>피엠 <b>합정점</b>... ","창문부터 감성 넘침...~ 계단을 올라가면 이렇게 스튜디오 <b>포비</b>피엠 <b>합정점</b>이 똬악!!! 나는 스튜디오 <b>포비</b>피엠의 감성이 너무 좋다,,, 그리고 우리둘다 소그노 때부터 유튜브를 계속 봐왔기에 혹시,, 은하님을... ",POSITIVE,NEGATIVE,-1.6
만동제과,강릉 중앙싱장 회센터 배니닭강정 수제어묵고로케 <b>만동제과</b>... ,"유명한 <b>만동제과</b>는 제2공영주차장 바로 앞에 위치해있어요, <b>만동제과</b> 오픈시간도 오전 11시, 아이들이랑 아이스크림 먹으면 오픈을 기다리는데 더워도 너무너무 덥더라구요, 기다리는 곳도 그늘 한점 없더라는... ",POSITIVE,NEGATIVE,-1.6
츄베릅,[서교동 디저트카페] 홍대 베이글+츄러스 맛집 “<b>츄베릅</b>”,<b>츄베릅</b> 서울 마포구 와우산로 155 1층 <b>츄베릅</b> ⏰영업시간⏰ 화~일 09:00-20:00 매주 월요일 휴무 친구랑 서교동에서 소품샵 투어를 실컷 하고 우리가 찾아간 곳은 존맛탱 츄러스와 베이글을 팔기로 유명한 서교동... ,POSITIVE,NEGATIVE,-1.6
카페 사운드웨이브,김재환 2023 생일<b>카페 사운드웨이브</b> 다녀온 후기,"이번에는 스윙에서 합정에 있는 <b>사운드웨이브</b>라는 <b>카페</b>에서 생일<b>카페</b>를 열어주었다. 5월 25일(목)부터 28일(일)까지 4일동안. 시간별로 40명의 인원 제한을 두고 미리 예약을 받았고, 난 주말로 두타임을 예약할... ",POSITIVE,NEGATIVE,-1.6
뮤르뮤르,상수역 저녁 모임 1탄 - <b>뮤르뮤르</b> 레터링 케이크 &amp; 고기 맛집 본삼,레터링케이크 맛집 <b>뮤르뮤르</b> 사실 저와 친구들은 생일때도 케이크를 잘 안 합니다. 왜냐하면.. 다들... <b>뮤르뮤르</b>라는 곳인데요. 일단 디저트가 너무 아기자기하고 귀여운거에요. 그리고 여기가 전에 성수에... ,POSITIVE,NEGATIVE,-1.6
삼다코지,홍대놀거리 제주도 감성 홍대 대형카페 <b>삼다코지</b>,"<b>삼다코지</b>, 홍대 제주도 감성 카페라는 컨셉에 걸맞게 물도 삼다수고 음료에 들어가는 물도 삼다수를 이용한다고 해요. 제주삼다수 플래그십스토어라고 하네요.! 곳곳에 제주도에서 가져온 화산석과 이끼목을... ",POSITIVE,NEGATIVE,-1.6
뽀르뚜아,경희대/회기 빵집&lt;<b>뽀르뚜아</b>&gt; 건강한 빵이 가득! 맛도 한가득!,빵집 <b>뽀르뚜아</b> 에 들렀어요! 회기역 1번출구에서 조금 걸으면 올리브영 옆으로 바로 보여요 앞에 신호등이 있어서 길 건너면서도 아주 잘 보이는 위치에 있어요 <b>뽀르뚜아</b> 외대점도 가봤는데 경희대점이 빵이... ,POSITIVE,NEGATIVE,-1.6
빈브라더스 합정,<b>빈브라더스 합정</b> 웨이팅 스페셜티커피 합정역 감성카페 한강뷰... ,"<b>빈브라더스 합정</b>은 이번에는 친구랑 가긴 했지만 스페셜티커피를 파는곳이라 좋았어요 일반 커피보다 훨씬 마싯서.,, (물론 가격도 더 비쌉니드 ㅎ) 빈브라더스는 프랜차이즈 지점이에요 ~!! 합정점은 한강뷰가... ",POSITIVE,POSITIVE,-1.6
빈브라더스 커피하우스 서울,서울 상수동 카페 '<b>빈브라더스 커피하우스 서울</b>'  한강뷰... ,서울 상수동 카페 한강뷰 핫플레이스로 추천 <b>빈브라더스 커피하우스 서울</b> 화-일 10:00-22:00 (월요일 휴무)... 날 서울 상수동 카페 '빈브라더스 커피하우스'의 분위기에 맞춰서 사람들의 이야기하는 톤도... ,POSITIVE,NEGATIVE,-1.6
비스트로 여의도,"<b>여의도</b> 맛집, <b>비스트로</b>베름 ! 파스타 불모지 <b>여의도</b> 직장인의... ",<b>여의도</b> 파스타 <b>비스트로</b>베름 지난주에 팀에 고양이 키우시는 집사분들과 모여 집사모임을 했다. 점심에 맛있는거 먹고 고양이 토크토크 하자며 모이게 됨! 다들 점심에 맨날 국밥 드시다보니.. 약간 분위기(?)... ,POSITIVE,NEGATIVE,-1.6
바이러닉 에스프레소바 합정본점,푸딩맛집뿌신다#1.<b>바이러닉 에스프레소바</b>_BYRONIC <b>합정 본점</b>,"lucky)사장님도 <b>바</b> 뒤에 앉아 계셔서 안보였던것!!!! 진짜 엉엉 울뻔 했습니다,,,, 이친구!!! 너구나... <b>바이러닉</b> 스튜디오로 시작해서 <b>에스프레소바</b>까지 성장해온 곳이다. <b>합정</b>이 <b>본점</b>이고 제주에도 있던데... ",NEGATIVE,POSITIVE,-1.6
두옹즈,"노잼일상이라 더 관심있습니다 (카페 튜토리얼, 카레시, <b>두옹즈</b>)",언젠가 20군데 다녀오면 후기 쓸게요 개웃기다 여기는 <b>두옹즈</b>! 오천오백원이면 무난한 가격이네요... #<b>두옹즈</b> #합정<b>두옹즈</b> 얘네 사진 찍어주고 저희는 실내에서 먹고 나갔삼요 맛있었다... 일단 맛 자체가... ,POSITIVE,NEGATIVE,-1.8
후라이드참잘하는집 서강대점,치킨 맛집 ㅣ 이름 그대로 &lt;<b>후라이드참잘하는집 서강대점</b>&gt;,#후라이드참잘하는집 #<b>후라이드참잘하는집서강대점</b> #광흥창역치킨맛집 #후참 #마포후참 #광흥창역후참 광흥창역 치킨 맛집 ㅣ 이름 그대로 &lt;<b>후라이드참잘하는집 서강대점</b>&gt; 요약 : 치킨 좋아하는 동생이 종종... ,POSITIVE,NEGATIVE,-1.8
해피네호떡,투어 ˘ᗜ˘ - 망원시장 맛집 / 망원 떡갈비 / <b>해피네 호떡</b> / 우이락,"#망원시장뿌링클호떡 먹기 좋게 종이컵에 담아주신 호떡 !!!! 초점은 비록 <b>해피네 호떡</b> 간판에 가있지만,,, 기념으로 한 장 찍어보께요오??!!! 크크 그리구 한쪽 모퉁이에 가서 냠 먹어보는데!!! 그냥저냥 호떡... ",NEGATIVE,POSITIVE,-1.8
눈내리는숲 설래임 홍대본점,"홍대카페 <b>눈내리는숲</b>, <b>설래임 홍대본점</b> 달달한 한라봉요거트빙수!","<b>눈내리는숲</b>, <b>설래임 홍대본점</b> 달달한 한라봉요거트빙수! 홍대카페 안녕하세요 친구 생일파티를 한 쇼콜라입니다! 최근에 친구 생일이었어서 앵춘에 가서 술 한잔을 하고 카페에 오게 되었어용 앵춘에서... ",POSITIVE,NEGATIVE,-1.8
카페홈즈 합정역점,접근성 좋은 합정역 근처카페 <b>카페홈즈 합정역점</b>,"제일 비싼 음료는 5천원,, 대부분 3천원대로 맞춘 가격 ☆～（ゝ。∂） 저렴한 가격에 놀란 셋 커피,디저트 물가 한없이 오르는 치열한 <b>카페</b>속 너무나 착한 접근성좋은 <b>합정</b>역 근처 <b>카페홈즈</b>!! ㅎㅎㅎ 자주자주... ",POSITIVE,NEGATIVE,-1.8
젤라떼리아 에따,홍대 젤라또 맛집 '<b>젤라떼리아 에따</b>' 자연 식재료로 만든 젤라또!,"홍대 젤라또 맛집 <b>젤라떼리아 에따</b> 요즘 날씨가 너무 더워서인지 평소에 별로 좋아하지도 않는... 제가 방문한 곳은 '<b>젤라떼리아 에따</b>' 입니다! <b>젤라떼리아 에따</b> 영업시간 화-토 12:00 - 21:00 일,월 정기휴무... ",POSITIVE,NEGATIVE,-1.8
땡스네이쳐,[홍대 양카페] <b>땡스 네이쳐</b>_귀여운 양 움파룸파를 만날 수 있는... ,저희는 카페라뗴 5400 떙스네이쳐 초코라뗴 6900*2 쵸코딸기 와플 17400 을 주문했습니다. 메뉴 기다리면서... 서울 홍대에서 움파룸파라는 귀여운 양들을 만나볼 수 있었던 <b>땡스 네이쳐</b> 카페! 이용객들이 많은... ,NEGATIVE,POSITIVE,-1.8
또보겠지떡볶이집 호호피크닉점,<b>또보겠지떡볶이집 호호피크닉점</b> ⫶ 홍대/합정/망원 즉석떡볶이... ,즉석떡볶이가 생각나서 방문해보았다! 여기는 호호피크닉점인데 망원동에서 소품샵 투어 하다가... 내돈내산 떡볶이타임 끝~~ #<b>또보겠지떡볶이집호호피크닉점</b> #즉석떡볶이집 #또보겠지떡볶이집 #망원동떡볶이... ,NEGATIVE,POSITIVE,-1.8
얼반스퀘어,상수역 카페 : <b>얼반스퀘어</b> / 상수와 합정 사이 조용한 카페로... ,"상수역 카공하기 좋은 카페로 추천하는 상수역카페 '<b>얼반스퀘어</b>' <b>얼반스퀘어</b>는 상수와 합정 사이에 위치해있는데, 상수역에서 좀 더 가까운 편이다-!!! (도보 5분 거리) 큰길가쪽에 있지만 생각보다 조용하고... ",NEGATIVE,POSITIVE,-1.8
량량포차,홍대데이트 친구와 근황 토크하기 좋은 홍대술집 <b>량량포차</b>,"홍대맛집 <b>량량포차</b>의 이름은 양씨 2분이서 운영을 해서 량량이라고 짓게 되었대요! 뭔가 쿨하고 웃긴... 홍대포차답게 술안주가 다양했는데 쌀국수나 볶음밥같은 밥메뉴도 있고, 정말정말정말 마지막으로... ",POSITIVE,NEGATIVE,-1.8
베이글카페 홍대점,[마포] 분위기 좋은 <b>베이글 카페</b> - 수상한<b>베이글</b> <b>홍대점</b> (feat.... ,"수상한<b>베이글</b> <b>홍대점</b> 음료 메뉴 에스프레소 4,900원 아메리카노 4,900원 <b>카페</b> 라떼 6,000원 오틀리 라떼 6,000원 바닐라 라떼 6,000원 헤이즐넛 라떼 6,000원 솔티슈페너 8,000원 녹차 라떼 6,000원 초코 라떼 6,000원... ",POSITIVE,NEGATIVE,-1.8
클럽바리스타,"8월 홈<b>바리스타</b><b>클럽</b> JKM, 이타다키 &amp; 타카라 모모이로 게이샤)","이 프로세싱은 작년인 2023년, 코페이 농장 첫 옥션에서 최고가로 낙찰 된 프로세싱과 같은 방법으로 홈<b>바리스타</b><b>클럽</b>분들에게 좋은 컵을 공유하 고자 특별히 의뢰 제작하여 소개하는 Itadaki... ",NEGATIVE,POSITIVE,-1.8
와인바 블랑루즈 합정,서울 합정 <b>와인바 블랑루즈 합정</b>,<b>와인바 블랑루즈 합정</b> 서울 마포구 양화6길 39 2층 합정역 6번 출구에서 가까운 위치! 와인바답게 창가에 와인들이 줄지어 있다! 벽에 와인 코르크로 인테리어 해놓으신 것도 귀욤 작은 화면에 우리가 나오고... ,NEGATIVE,NEGATIVE,-2.0
벨라쿠키 본점,홍대 합정 <b>벨라쿠키 본점</b> 메뉴 황치즈 디저트,어두워서 잘 안보이지만 홍대 합정 지나다니다가 벨라쿠키 보여서 바로 입장 합정 벨라쿠키가 본점이라... 16가지 쿠키가 있고 내용물과 가격이 잘 나와있다 나는 아묻따 황치즈 쿠키 하나 겟 <b>벨라쿠키 본점</b>은... ,NEGATIVE,NEGATIVE,-2.0
호떡나들이,남대문 <b>나들이</b>(남대문 야채<b>호떡</b>/갈치조림),"친정에 온 김에 엄마랑 서울 <b>나들이</b> 둘 다 극 P라, 아무 생각없이 갈치조림을 먹자는 일념 하나로... 남대문 남대문 야채<b>호떡</b> 일단 야채<b>호떡</b>을 하나씩 먹기로 했다 야채<b>호떡</b>: 2000원 꿀씨앗<b>호떡</b>: 2000원 현금 및... ",NEGATIVE,NEGATIVE,-2.0
heod 합정,헤옫 <b>HEOD 합정</b> : 프렌치토스트와 스테이크가 있는 브런치 카페,"맛도리 브런치 카페 헤옫 <b>HEOD 합정</b> 프렌치토스트 꼭 먹기로 나랑 약속해요. 일주일에 세 번 간 거... 헤옫 합정. 투움바 치즈 리조또 16,800 베이컨, 마늘, 고추기름이 주된 재료이고, 치즈가 엄청 많이... ",NEGATIVE,NEGATIVE,-2.0
아브르드팡(Arbre de pain),분위기 맛집 망원역 신상 카페 '<b>아브르드팡 (Arbre de Pain)</b>',"우드톤의 인테리어 좋아하는 분들이라면 나처럼 보자마자 반해서 달려갈 #<b>아브르드팡</b> 망원역 신상... 뉴 <b>아브르드팡</b>은 커피, 라떼, 차, 에이드 그리고 차갑게만 가능한 스페셜 티가 있다 내가 제일 기대하고... ",NEGATIVE,NEGATIVE,-2.0
BBQ 홍대로데오점,[<b>홍대</b> 치킨] 깔끔하고 넓은 홀이 있는 <b>BBQ</b>치킨 <b>홍대 로데오점</b>,근데 매장이 크고 깔끔해서 저녁에 비비큐가 땡길때 오기 좋을듯 하다. 홍대에서 치킨이 땡길 때 <b>BBQ 홍대로데오점</b> 추천한다. BBQ치킨 홍대로데오점 서울 마포구 잔다리로6길 39 2층,NEGATIVE,NEGATIVE,-2.0
뚜레쥬르 마포밤섬점,서울 <b>뚜레쥬르</b> 주소 위치 길찾기 [엑셀파일],221 뚜레쥬르 이대역점 02-716-3341 서울 마포구 대흥로 194 대흥동 2-10 <b>뚜레쥬르 마포밤섬점</b> 02-6335-4235 서울 마포구 독막로20나길 22 레미안밤섬리베뉴1단지 상가2동 B05호 상수동 402... ,NEGATIVE,NEGATIVE,-2.0
